<application>
  <component name="CvsApplicationLevelConfiguration">
    <option name="PATH_TO_PASSWORD_FILE" value="$userdir/.cvspass" />
  </component>
  <component name="NodeJsLocalInterpreters">
    <local-interpreter path="E:/node-v8.12.0-win-x64/node.exe">
      <version-cache version="8.12.0" last-modified="1536604170254" />
    </local-interpreter>
  </component>
  <component name="PropertiesComponent">
    <property name="CommitChangeListDialog.DETAILS_SPLITTER_PROPORTION_2" value="0.92649096" />
    <property name="CommitChangeListDialog.SPLITTER_PROPORTION_2" value="0.9055118" />
    <property name="CommittedChanges.SplitterProportions.0" value="700" />
    <property name="CommittedChanges.SplitterProportions.1" value="500" />
    <property name="Copy.OpenInEditor" value="true" />
    <property name="Default.savedEditorTheme" value="_@user_Default" />
    <property name="ExpandBeforeRunStepsPanel" value="true" />
    <property name="ExpandRunDashboardTypesPanel" value="false" />
    <property name="FileTemplates.SelectedTemplate" value="HTML File" />
    <property name="FrameworksFinderRecursivePanel[0]" value="0.13131976" />
    <property name="INSPECTION_FILTER_HISTORY" value="background image&#10;background&#10;backg&#10;image plus&#10;image&#10;bac&#10;dup code&#10;code&#10;Serialization issues" />
    <property name="JSHintOptionsTreeView.TREE_SCROLL_BAR_HORIZONTAL" value="18" />
    <property name="JSHintOptionsTreeView.TREE_SCROLL_BAR_VERTICAL" value="0" />
    <property name="JSHintOptionsTreeView.TREE_SELECTED_NODE_ID" value="1" />
    <property name="JUnitSupport.hidePassedTests" value="false" />
    <property name="LiveContextsPanel[0]" value="0.13413817" />
    <property name="LiveContextsPanel[1]" value="0.19627085" />
    <property name="LiveContextsPanel[2]" value="0.23337223" />
    <property name="MavenModuleWizard.inheritGroupId" value="true" />
    <property name="MavenModuleWizard.inheritVersion" value="true" />
    <property name="MemberChooser.copyJavadoc" value="false" />
    <property name="MemberChooser.showClasses" value="true" />
    <property name="PLUGIN_FILTER" value="vue&#10;junitge&#10;junit&#10;lom" />
    <property name="SearchEveryWhereHistory" value="turata&#10;，&#10;con&#10;。&#10;m" />
    <property name="SettingsSearchHistory" value="inspection&#10;serialization&#10;file and code&#10;file and&#10;@auth" />
    <property name="ShowDocumentationInToolWindow" value="false" />
    <property name="SpringBeansModulesPanel[0]" value="0.13131976" />
    <property name="SpringBeansModulesPanel[1]" value="0.15128593" />
    <property name="SpringBeansModulesPanel[2]" value="0.17841214" />
    <property name="SpringBeansModulesPanel[3]" value="0.2173913" />
    <property name="SpringMvcModulesPanel[0]" value="0.26881722" />
    <property name="SpringRepositoriesModulesPanel[0]" value="0.26881722" />
    <property name="TrendingPluginsSearchHistory" value="background image&#10;lombok" />
    <property name="build.toolwindow.Sync.selection.state" value="com.intellij.build.BuildTreeConsoleView" />
    <property name="build.toolwindow.run.selection.state" value="consoleView" />
    <property name="com.intellij.diagnostic.IdeErrorsDialogactiveTab" value="0" />
    <property name="com.intellij.openapi.roots.ui.configuration.TabbedModuleEditor.selectedEditor" value="Sources" />
    <property name="create.project.preferred.importer" value="Existing Sources" />
    <property name="decompiler.legal.notice.accepted" value="true" />
    <property name="defaultJdkConfigured" value="true" />
    <property name="dir.diff.panel.divider.location" value="162" />
    <property name="es6.show.auto.import" value="true" />
    <property name="evlsprt3.181" value="15" />
    <property name="evlsprt3.183" value="11" />
    <property name="export.settings.path" value="E:\\settings.jar" />
    <property name="file.chooser.recent.files" value="D:/eclipse/workspace/FEBS-Security&#10;D:/eclipse/workspace/Spring-Security&#10;E:/&#10;D:/eclipse/workspace/Turata-vue/.idea&#10;D:/eclipse/workspace/OMS-base/.idea&#10;D:/eclipse/workspace/Olivivi-vue/.idea&#10;D:/eclipse/workspace/Olivivi-vue/Olivivi-vue.iml&#10;D:/eclipse/workspace/Olivivi-vue&#10;D:/eclipse/workspace/Turata-vue&#10;D:/eclipse/workspace/OMS-base/OMS-thirtytool/.settings&#10;D:/eclipse/workspace/OMS-base/OMS-client/.settings&#10;D:/eclipse/workspace/OMS-base/OMS-auth/.settings&#10;D:/eclipse/workspace/OMS-base/.settings&#10;D:/eclipse/workspace/spring-mvc-study/spring-mvc-study.iml&#10;D:/eclipse/workspace/spring-mvc-study/.idea&#10;E:/node-v8.12.0-win-x64/node.exe&#10;D:/eclipse/workspace/OMS-vue/OMS-vue.iml&#10;D:/eclipse/workspace/OMS-vue/.idea&#10;D:/eclipse/workspace/OMS-vue&#10;D:/eclipse/workspace/spring-cloud-study/.idea&#10;D:/apache-tomcat-9.0.12&#10;D:/eclipse/workspace/spring-mvc-study/src/main/resources/views&#10;D:/eclipse/workspace/spring-boot-study&#10;D:/eclipse/workspace/OMS-base&#10;D:/eclipse/workspace/oppspring-base&#10;D:/apache-maven-3.5.4/conf/settings.xml&#10;E:/TortoiseSVN/bin/svn.exe&#10;D:/eclipse/workspace/turatav2Back-base&#10;E:/gradle-4.10&#10;E:/spring-study/spring-framework-4.0.x-idea-1" />
    <property name="file.gist.reindex.count" value="22276" />
    <property name="fileTypeChangedCounter" value="3" />
    <property name="idea.background.editor" value="C:\Users\My\Desktop\工作资料\20170327103725_ZmsrT.jpeg,10,scale,center" />
    <property name="installed.kotlin.plugin.version" value="1.3.11-release-IJ2018.3-1" />
    <property name="jdk.selected.JAVA_MODULE" value="1.8" />
    <property name="last.imported.location" value="D:/eclipse/workspace/Olivivi-vue" />
    <property name="last.used.gradle.home" value="E:/gradle-4.10" />
    <property name="lastTip" value="6" />
    <property name="org.intellij.images.editor.actions.BackgroundImageDialog#recent" value="C:\Users\My\Desktop\工作资料&#10;C:\Users\My\Desktop\工作资料\20170327103725_ZmsrT.jpeg" />
    <property name="org.intellij.images.editor.actions.SetBackgroundImageDialog#recent" value="" />
    <property name="project.wizard.group" value="SpringInitializr" />
    <property name="project.wizard.template" value="Spring Initializr" />
    <property name="search.everywhere.max.popup.width" value="620" />
    <property name="spring.initializr.service.url.history" value="" />
    <property name="spring.initializr.service.url.last" value="https://start.spring.io" />
    <property name="ts.lib.d.ts.version" value="3.2.1" />
    <property name="typescript.show.auto.import" value="true" />
  </component>
  <component name="SvnApplicationSettings">
    <option name="myTypedURLs">
      <list>
        <option value="http://192.168.1.4/OPP/20180625-turatav2/turatav2-base" />
        <option value="http://192.168.1.4/OPP" />
        <option value="http://192.168.1.4/Turata" />
      </list>
    </option>
    <option name="mySvnCommandLine" value="E:\TortoiseSVN\bin\svn.exe" />
  </component>
</application>